Job Positions,Job Type,Locations,Experience,Date Posted
Executive Assistant,Full-time,New York,1 - 3 Years,2 days ago
Magento Developer,Full-time,Hyderabad,2 - 8 Years,4 days ago
Python Developer,Full-time,Hyderabad,1 - 3 Years,12 days ago
Computer Vision Engineer / Machine Learning Engineer,Internship,Hyderabad,0 - 1 Years,13 days ago
Cloud Native Developer,Full-time,Hyderabad,2 - 5 Years,a month ago
Data Scientist Intern,Internship,Hyderabad,0 - 4 Years,a month ago
Embedded Engineer,Full-time,Hyderabad,2 - 4 Years,a month ago
Networking & Security Specialist,Full-time,Hyderabad,2 - 6 Years,a month ago
Associate QA Engineer,Full-time,Hyderabad,1 - 3 Years,a month ago
Full Stack Developer,Full-time,Hyderabad,4 - 9 Years,2 months ago
Android Mobile Developer,Full-time,mauritius,3 - 8 Years,2 months ago
iOS Developer,Full-time,Hyderabad,3 - 10 Years,2 months ago
Associate Cloud Engineer,Full-time,Hyderabad,0 - 3 Years,2 months ago
Sr Full Stack Developer,Full-time,Mauritius,3 - 8 Years,2 months ago
Blockchain Developer,Full-time,Hyderabad,1 - 4 Years,2 months ago
Junior Cloud Native Developer,Full-time,Delaware,1 - 2 Years,3 months ago
Lead DevOps Engineer ,Full-time,Hyderabad,5 - 11 Years,3 months ago
Site Reliability Engineer,Full-time,New York,1 - 3 Years,3 months ago
OSS DevOps Engineer,Full-time,Hyderabad,6 - 12 Years,3 months ago
Sr SDET,Full-time,New York,3 - 10 Years,3 months ago
DevOps Architect,Full-time,Hyderabad,5 - 15 Years,3 months ago
Engineering Lead,Full-time,mauritius,7 - 18 Years,3 months ago
Social Media Intern,Internship,Hyderabad,0 Years,4 days ago
Project Manager,Full-time,Hyderabad,2 - 5 Years,17 days ago
Talent Acquisition Specialist,Full-time,Hyderabad,1 - 5 Years,17 days ago
Sr.QA Engineer,Full-time,Hyderabad,3 - 5 Years,22 days ago
